{
  "8.0": {
    "ascUrl": "https://www.php.net/distributions/php-8.0.30.tar.xz.asc",
    "sha256": "216ab305737a5d392107112d618a755dc5df42058226f1670e9db90e77d777d9",
    "url": "https://www.php.net/distributions/php-8.0.30.tar.xz",
    "variants": [
      "bullseye/cli",
      "bullseye/apache",
      "bullseye/fpm",
      "bullseye/zts",
      "buster/cli",
      "buster/apache",
      "buster/fpm",
      "buster/zts",
      "alpine3.16/cli",
      "alpine3.16/fpm",
      "alpine3.16/zts"
    ],
    "version": "8.0.30"
  },
  "8.0-rc": null,
  "8.1": {
    "ascUrl": "https://www.php.net/distributions/php-8.1.26.tar.xz.asc",
    "sha256": "17f87133596449327451ad4b8d9911bfaea59ff5109f3a6f2bb679f967a8ea0f",
    "url": "https://www.php.net/distributions/php-8.1.26.tar.xz",
    "variants": [
      "bookworm/cli",
      "bookworm/apache",
      "bookworm/fpm",
      "bookworm/zts",
      "bullseye/cli",
      "bullseye/apache",
      "bullseye/fpm",
      "bullseye/zts",
      "alpine3.18/cli",
      "alpine3.18/fpm",
      "alpine3.18/zts",
      "alpine3.17/cli",
      "alpine3.17/fpm",
      "alpine3.17/zts",
      "alpine3.16/cli",
      "alpine3.16/fpm",
      "alpine3.16/zts"
    ],
    "version": "8.1.26"
  },
  "8.1-rc": null,
  "8.2": {
    "ascUrl": "https://www.php.net/distributions/php-8.2.13.tar.xz.asc",
    "sha256": "2629bba10117bf78912068a230c68a8fd09b7740267bd8ebd3cfce91515d454b",
    "url": "https://www.php.net/distributions/php-8.2.13.tar.xz",
    "variants": [
      "bookworm/cli",
      "bookworm/apache",
      "bookworm/fpm",
      "bookworm/zts",
      "bullseye/cli",
      "bullseye/apache",
      "bullseye/fpm",
      "bullseye/zts",
      "alpine3.18/cli",
      "alpine3.18/fpm",
      "alpine3.18/zts",
      "alpine3.17/cli",
      "alpine3.17/fpm",
      "alpine3.17/zts"
    ],
    "version": "8.2.13"
  },
  "8.2-rc": null,
  "8.3-rc": null
}
