{
  "phases": {
    "package": {
      "context": {
        "resources": {
          "url": "{SHA_ARCHIVE}",
          "path": "/bitnami/ejbca"
        }
      },
      "actions": [
        {
          "action_id": "helm-package"
        },
        {
          "action_id": "helm-lint"
        }
      ]
    },
    "verify": {
      "context": {
        "resources": {
          "url": "{SHA_ARCHIVE}",
          "path": "/bitnami/ejbca"
        },
        "target_platform": {
          "target_platform_id": "{VIB_ENV_TARGET_PLATFORM}",
          "size": {
            "name": "L4"
          }
        }
      },
      "actions": [
        {
          "action_id": "goss",
          "params": {
            "resources": {
              "path": "/.vib"
            },
            "tests_file": "ejbca/goss/goss.yaml",
            "vars_file": "ejbca/runtime-parameters.yaml",
            "remote": {
              "pod": {
                "workload": "deploy-ejbca"
              }
            },
            "wait": {
              "file": "ejbca/goss/goss-wait.yaml"
            }
          }
        },
        {
          "action_id": "cypress",
          "params": {
            "resources": {
              "path": "/.vib/ejbca/cypress"
            },
            "endpoint": "lb-ejbca-https",
            "app_protocol": "HTTPS"
          }
        }
      ]
    }
  }
}
