{
  "phases": {
    "package": {
      "context": {
        "resources": {
          "url": "{SHA_ARCHIVE}",
          "path": "/bitnami/jaeger"
        }
      },
      "actions": [
        {
          "action_id": "helm-package"
        },
        {
          "action_id": "helm-lint"
        }
      ]
    },
    "verify": {
      "context": {
        "resources": {
          "url": "{SHA_ARCHIVE}",
          "path": "/bitnami/jaeger"
        },
        "target_platform": {
          "target_platform_id": "{VIB_ENV_TARGET_PLATFORM}",
          "size": {
            "name": "M4"
          }
        }
      },
      "actions": [
        {
          "action_id": "goss",
          "params": {
            "resources": {
              "path": "/.vib"
            },
            "tests_file": "jaeger/goss/goss.yaml",
            "vars_file": "jaeger/runtime-parameters.yaml",
            "remote": {
              "pod": {
                "workload": "deploy-jaeger--agent"
              }
            }
          }
        },
        {
          "action_id": "cypress",
          "params": {
            "resources": {
              "path": "/.vib/jaeger/cypress"
            },
            "endpoint": "lb-jaeger-query-api",
            "app_protocol": "HTTP"
          }
        }
      ]
    }
  }
}
